﻿state,Expenses per Inpatient Day
Alabama,"$1,939 "
Alaska,"$2,855 "
Arizona,"$3,332 "
Arkansas,"$2,306 "
California,"$4,471 "
Colorado,"$3,644 "
Connecticut,"$3,433 "
Delaware,"$3,470 "
District of Columbia,"$3,862 "
Florida,"$2,927 "
Georgia,"$2,385 "
Hawaii,"$3,003 "
Idaho,"$3,949 "
Illinois,"$3,116 "
Indiana,"$3,132 "
Iowa,"$1,979 "
Kansas,"$2,511 "
Kentucky,"$2,824 "
Louisiana,"$2,769 "
Maine,"$2,985 "
Maryland,"$3,688 "
Massachusetts,"$3,645 "
Michigan,"$2,595 "
Minnesota,"$2,884 "
Mississippi,"$1,032 "
Missouri,"$2,803 "
Montana,"$2,183 "
Nebraska,"$2,735 "
Nevada,"$2,309 "
New Hampshire,"$3,228 "
New Jersey,"$3,496 "
New Mexico,"$3,414 "
New York,"$3,840 "
North Carolina,"$2,881 "
North Dakota,"$2,791 "
Ohio,"$3,569 "
Oklahoma,"$2,391 "
Oregon,"$4,178 "
Pennsylvania,"$3,081 "
Rhode Island,"$3,206 "
South Carolina,"$2,520 "
South Dakota,"$1,747 "
Tennessee,"$2,808 "
Texas,"$3,183 "
Utah,"$3,996 "
Vermont,"$2,935 "
Virginia,"$3,087 "
Washington,"$4,076 "
West Virginia,"$2,415 "
Wisconsin,"$2,868 "
Wyoming,"$1,911 "
