state,PerCapitaIncome_2023,HouseholdIncome_2023
District of Columbia,75253,157604
Massachusetts,56284,140991
Connecticut,54409,135332
New Jersey,53118,140299
Maryland,51689,133800
Washington,51493,129559
New Hampshire,50867,124062
Colorado,50489,124231
New York,49520,125909
Virginia,49217,125226
California,47977,136730
Minnesota,46957,115861
Rhode Island,45919,112642
Illinois,45104,112993
Alaska,44928,114947
Hawaii,44823,128123
Vermont,44365,103603
Delaware,44219,109519
Oregon,44063,108321
Pennsylvania,43104,104925
North Dakota,42474,100487
Maine,42035,96507
Wisconsin,42019,99059
Florida,41055,102130
Wyoming,41006,97459
Arizona,40736,104138
Nebraska,40637,100194
Nevada,39963,102911
Montana,39842,94544
Iowa,39728,95968
Kansas,39638,97625
North Carolina,39616,97403
Michigan,39538,96299
Georgia,39525,103618
Ohio,39455,94766
Texas,39446,106819
Utah,39240,117307
South Dakota,38880,95050
Missouri,38497,93797
South Carolina,37993,92833
Tennessee,37866,93479
Indiana,37178,92643
Idaho,37169,98748
Kentucky,34960,86119
Oklahoma,34859,87325
Alabama,34835,86225
New Mexico,34823,85549
Louisiana,34211,85745
Arkansas,33147,82554
West Virginia,32949,78799
Mississippi,30529,76995
United States,43249.75631,110882.3393
