﻿state,Total State Expenditures (in millions)
United States,"$2,904,833 "
Alabama,"$40,552 "
Alaska,"$15,824 "
Arizona,"$111,291 "
Arkansas,"$33,773 "
California,"$413,783 "
Colorado,"$37,859 "
Connecticut,"$42,571 "
Delaware,"$15,467 "
District of Columbia,"$18,656 "
Florida,"$119,078 "
Georgia,"$75,144 "
Hawaii,"$19,231 "
Idaho,"$12,480 "
Illinois,"$121,178 "
Indiana,"$53,568 "
Iowa,"$29,584 "
Kansas,"$24,272 "
Kentucky,"$49,638 "
Louisiana,"$43,019 "
Maine,"$13,010 "
Maryland,"$67,723 "
Massachusetts,"$81,007 "
Michigan,"$81,538 "
Minnesota,"$54,139 "
Mississippi,"$23,715 "
Missouri,"$38,171 "
Montana,"$10,473 "
Nebraska,"$17,207 "
Nevada,"$18,291 "
New Hampshire,"$8,311 "
New Jersey,"$87,153 "
New Mexico,"$26,372 "
New York,"$220,462 "
North Carolina,"$63,384 "
North Dakota,"$8,240 "
Ohio,"$93,380 "
Oklahoma,"$29,289 "
Oregon,"$53,922 "
Pennsylvania,"$113,613 "
Rhode Island,"$12,776 "
South Carolina,"$38,752 "
South Dakota,"$6,100 "
Tennessee,"$48,258 "
Texas,"$137,108 "
Utah,"$23,455 "
Vermont,"$7,893 "
Virginia,"$79,950 "
Washington,"$73,096 "
West Virginia,"$23,208 "
Wisconsin,"$62,516 "
Wyoming,"$5,353 "
