﻿state,Deaths,Age Adjusted Rate
Alabama,869,16.801
Alaska,206,28.154
Arizona,1506,19.219
Arkansas,626,20.232
California,4200,10.158
Colorado,1297,20.885
Connecticut,356,9.101
Delaware,144,12.812
District of Columbia,41,5.75
Florida,3620,14.377
Georgia,1670,14.772
Hawaii,223,15.276
Idaho,460,23.284
Illinois,1567,11.878
Indiana,1187,17
Iowa,504,15.54
Kansas,569,19.555
Kentucky,813,17.466
Louisiana,719,15.557
Maine,274,18.47
Maryland,599,9.262
Massachusetts,658,8.583
Michigan,1529,14.927
Minnesota,812,13.832
Mississippi,457,15.528
Missouri,1143,18.001
Montana,310,26.646
Nebraska,284,14.47
Nevada,690,20.308
New Hampshire,221,14.562
New Jersey,709,7.188
New Mexico,489,22.763
New York,1717,8.297
North Carolina,1597,14.251
North Dakota,142,17.753
Ohio,1792,14.731
Oklahoma,893,21.785
Oregon,888,19.41
Pennsylvania,1976,14.315
Rhode Island,112,9.412
South Carolina,818,14.685
South Dakota,181,20.662
Tennessee,1279,17.339
Texas,4382,14.245
Utah,706,21.51
Vermont,125,17.849
Virginia,1243,13.6
Washington,1287,15.701
West Virginia,349,18.569
Wisconsin,920,14.972
Wyoming,157,26.307
